angelaMerkel1.jpg;1
angelaMerkel2.jpg;1
angelaMerkel3.jpg;1
angelaMerkel4.jpg;1
angelaMerkel5.jpg;1
angelaMerkel6.jpg;1
angelinaJolie1.jpg;2
angelinaJolie2.jpg;2
angelinaJolie3.jpg;2
angelinaJolie4.jpg;2
angelinaJolie5.jpg;2
angelinaJolie6.jpg;2
AntonioCosta_1.jpg;3
AntonioCosta_10.jpg;3
AntonioCosta_11.jpg;3
AntonioCosta_2.jpg;3
AntonioCosta_6.jpg;3
AntonioCosta_9.jpg;3
AntonioGuterres_16.jpg;4
AntonioGuterres_18.jpg;4
AntonioGuterres_2.jpg;4
AntonioGuterres_4.jpg;4
AntonioGuterres_5.jpg;4
AntonioGuterres_9.jpg;4
baracObama1.jpg;5
baracObama2.jpg;5
baracObama3.jpg;5
baracObama4.jpg;5
baracObama5.jpg;5
baracObama6.jpg;5
billGates1.jpg;6
billGates2.jpg;6
billGates3.jpg;6
billGates4.jpg;6
billGates5.jpg;6
billGates6.jpg;6
CR7_1.jpg;7
CR7_2.jpg;7
CR7_3.jpg;7
CR7_4.jpg;7
CR7_5.jpg;7
CR7_6.jpg;7
Donald Trump_29.jpg;8
Donald Trump_32.jpg;8
Donald Trump_35.jpg;8
Donald Trump_37.jpg;8
Donald Trump_43.jpg;8
Donald Trump_45.jpg;8
eusebio_11.jpg;9
eusebio_13.jpg;9
eusebio_2.jpg;9
eusebio_23.jpg;9
eusebio_4.jpg;9
eusebio_9.jpg;9
Marcelo Rebelo de Sousa_1.jpg;10
Marcelo Rebelo de Sousa_10.jpg;10
Marcelo Rebelo de Sousa_13.jpg;10
Marcelo Rebelo de Sousa_3.jpg;10
Marcelo Rebelo de Sousa_5.jpg;10
Marcelo Rebelo de Sousa_6.jpg;10
nelsonMandela1.jpg;11
nelsonMandela2.jpg;11
nelsonMandela3.jpg;11
nelsonMandela4.jpg;11
nelsonMandela5.jpg;11
nelsonMandela6.jpg;11
passoCoelho1.jpg;12
passoCoelho2.jpg;12
passoCoelho3.jpg;12
passoCoelho4.jpg;12
passoCoelho5.jpg;12
passoCoelho6.jpg;12
rihanna_1.jpg;13
rihanna_13.jpg;13
rihanna_3.jpg;13
rihanna_5.jpg;13
rihanna_7.jpg;13
rihanna_9.jpg;13
steveJobs1.jpg;14
steveJobs2.jpg;14
steveJobs3.jpg;14
steveJobs4.jpg;14
steveJobs5.jpg;14
steveJobs6.jpg;14
